insert into trainer (id, name, surname, age) values (1, 'Michelle', 'Frizell', 50);
insert into trainer (id, name, surname, age) values (2, 'Tymon', 'Brigginshaw', 35);
insert into trainer (id, name, surname, age) values (3, 'Gail', 'Sandcraft', 32);
insert into trainer (id, name, surname, age) values (4, 'Scarlet', 'Nast', 31);
insert into trainer (id, name, surname, age) values (5, 'Lethia', 'Michiel', 45);
insert into trainer (id, name, surname, age) values (6, 'Louisette', 'Jodlowski', 36);
insert into trainer (id, name, surname, age) values (7, 'Glori', 'Seyler', 38);
insert into trainer (id, name, surname, age) values (8, 'Waite', 'Andreasson', 37);
insert into trainer (id, name, surname, age) values (9, 'Charmion', 'Chadwen', 50);
insert into trainer (id, name, surname, age) values (10, 'Biddy', 'Tale', 44);
insert into trainer (id, name, surname, age) values (11, 'Melany', 'Minshull', 48);
insert into trainer (id, name, surname, age) values (12, 'Alleen', 'Zini', 34);
insert into trainer (id, name, surname, age) values (13, 'Russ', 'Shortan', 35);
insert into trainer (id, name, surname, age) values (14, 'Stephen', 'Walklot', 44);
insert into trainer (id, name, surname, age) values (15, 'Binny', 'Winkless', 41);

insert into team (id, name, total_points, trainer_id) values (1, 'Zieme, Pouros and Krajcik', 90, 7);
insert into team (id, name, total_points, trainer_id) values (2, 'Kuvalis, Corkery and Hudson', 384, 2);
insert into team (id, name, total_points, trainer_id) values (3, 'Klein, Beatty and Bergnaum', 128, 6);
insert into team (id, name, total_points, trainer_id) values (4, 'Okuneva, Streich and Lakin', 251, 13);
insert into team (id, name, total_points, trainer_id) values (5, 'Bartoletti, Jones and Friesen', 356, 10);
insert into team (id, name, total_points, trainer_id) values (6, 'Rutherford, Hettinger and Botsford', 227, 8);
insert into team (id, name, total_points, trainer_id) values (7, 'Farrell and Sons', 253, 12);
insert into team (id, name, total_points, trainer_id) values (8, 'Gutkowski', 295, 15);
insert into team (id, name, total_points, trainer_id) values (9, 'West and Sons', 202, 9);
insert into team (id, name, total_points, trainer_id) values (10, 'Paucek and Sons', 296, 1);

insert into player (id, name, surname, pesel, age, team_id) values (1, 'Rudolfo', 'Suter', '02839739735', 33, 10);
insert into player (id, name, surname, pesel, age, team_id) values (2, 'Micah', 'Tomblings', '05212724882', 23, 10);
insert into player (id, name, surname, pesel, age, team_id) values (3, 'Rosalie', 'Playfair', '38715168119', 27, 3);
insert into player (id, name, surname, pesel, age, team_id) values (4, 'Jessey', 'Demageard', '51163746393', 20, 5);
insert into player (id, name, surname, pesel, age, team_id) values (5, 'Robbyn', 'Fiorentino', '27023472516', 40, 5);
insert into player (id, name, surname, pesel, age, team_id) values (6, 'Roxie', 'Grimsey', '16978653020', 37, 3);
insert into player (id, name, surname, pesel, age, team_id) values (7, 'Ange', 'Seear', '88153734191', 33, 1);
insert into player (id, name, surname, pesel, age, team_id) values (8, 'Sofie', 'Feckey', '59579767538', 27, 10);
insert into player (id, name, surname, pesel, age, team_id) values (9, 'Beverly', 'Raggitt', '41136892649', 39, 8);
insert into player (id, name, surname, pesel, age, team_id) values (10, 'Carolyn', 'Cummings', '31414245338', 38, 10);
insert into player (id, name, surname, pesel, age, team_id) values (11, 'Peggi', 'Stout', '37904025069', 38, 1);
insert into player (id, name, surname, pesel, age, team_id) values (12, 'Chandler', 'Sill', '84415412144', 33, 5);
insert into player (id, name, surname, pesel, age, team_id) values (13, 'Flynn', 'Blankenship', '59918098135', 39, 4);
insert into player (id, name, surname, pesel, age, team_id) values (14, 'Tyrone', 'Balazs', '75841392016', 20, 9);
insert into player (id, name, surname, pesel, age, team_id) values (15, 'Dorita', 'Kinsey', '87117915255', 30, 9);
insert into player (id, name, surname, pesel, age, team_id) values (16, 'Doria', 'Gianneschi', '82826497898', 20, 6);
insert into player (id, name, surname, pesel, age, team_id) values (17, 'Isador', 'Raftery', '12647255490', 23, 4);
insert into player (id, name, surname, pesel, age, team_id) values (18, 'Trumann', 'Gower', '93198866913', 37, 3);
insert into player (id, name, surname, pesel, age, team_id) values (19, 'Gayle', 'Kaiser', '18060747386', 31, 4);
insert into player (id, name, surname, pesel, age, team_id) values (20, 'Kanya', 'Turrell', '27581778453', 20, 10);
insert into player (id, name, surname, pesel, age, team_id) values (21, 'Ilysa', 'Presnell', '98346558928', 22, 9);
insert into player (id, name, surname, pesel, age, team_id) values (22, 'Ruthe', 'Readwood', '11421788878', 37, 9);
insert into player (id, name, surname, pesel, age, team_id) values (23, 'Rollo', 'Brunning', '26165610468', 20, 2);
insert into player (id, name, surname, pesel, age, team_id) values (24, 'Otha', 'Hendrix', '10371363724', 26, 3);
insert into player (id, name, surname, pesel, age, team_id) values (25, 'Oralle', 'Karslake', '06403639235', 31, 2);
insert into player (id, name, surname, pesel, age, team_id) values (26, 'Thorny', 'Hefferon', '25830457327', 28, 8);
insert into player (id, name, surname, pesel, age, team_id) values (27, 'Antonetta', 'Buffy', '52124755701', 24, 9);
insert into player (id, name, surname, pesel, age, team_id) values (28, 'Berky', 'Pelham', '39024236953', 26, 6);
insert into player (id, name, surname, pesel, age, team_id) values (29, 'Cara', 'Larrosa', '14248252916', 26, 2);
insert into player (id, name, surname, pesel, age, team_id) values (30, 'Vick', 'Marr', '68926194786', 23, 1);
insert into player (id, name, surname, pesel, age, team_id) values (31, 'Ellswerth', 'Cushe', '13345283564', 24, 3);
insert into player (id, name, surname, pesel, age, team_id) values (32, 'Henriette', 'La Croce', '29947287854', 37, 6);
insert into player (id, name, surname, pesel, age, team_id) values (33, 'Freddie', 'Goodding', '58569183183', 37, 8);
insert into player (id, name, surname, pesel, age, team_id) values (34, 'Rodolphe', 'Nisuis', '97131461528', 31, 6);
insert into player (id, name, surname, pesel, age, team_id) values (35, 'Dasie', 'Danher', '42600845205', 40, 10);
insert into player (id, name, surname, pesel, age, team_id) values (36, 'Livia', 'Allsep', '88505182033', 22, 1);
insert into player (id, name, surname, pesel, age, team_id) values (37, 'Say', 'Hugnin', '66044387033', 40, 3);
insert into player (id, name, surname, pesel, age, team_id) values (38, 'Milt', 'Warlaw', '44908084511', 36, 9);
insert into player (id, name, surname, pesel, age, team_id) values (39, 'Perri', 'Iacapucci', '09165049875', 25, 5);
insert into player (id, name, surname, pesel, age, team_id) values (40, 'Alexia', 'Duffyn', '82852299265', 23, 7);
insert into player (id, name, surname, pesel, age, team_id) values (41, 'Angelle', 'Butler-Bowdon', '83623214813', 38, 3);
insert into player (id, name, surname, pesel, age, team_id) values (42, 'Gilburt', 'Olenchikov', '19503007549', 26, 4);
insert into player (id, name, surname, pesel, age, team_id) values (43, 'Aymer', 'Turneux', '06665043768', 23, 2);
insert into player (id, name, surname, pesel, age, team_id) values (44, 'Robyn', 'Munkley', '30871533700', 34, 5);
insert into player (id, name, surname, pesel, age, team_id) values (45, 'Ramon', 'Phoenix', '59445788357', 28, 1);
insert into player (id, name, surname, pesel, age, team_id) values (46, 'Chrysler', 'Titterington', '41518524689', 19, 7);
insert into player (id, name, surname, pesel, age, team_id) values (47, 'Emilio', 'Fergusson', '43657010412', 22, 8);
insert into player (id, name, surname, pesel, age, team_id) values (48, 'Roxine', 'Dowbekin', '51401495783', 30, 5);
insert into player (id, name, surname, pesel, age, team_id) values (49, 'Marcille', 'Aylott', '84943884164', 21, 7);
insert into player (id, name, surname, pesel, age, team_id) values (50, 'Mildrid', 'Trussler', '12333717957', 38, 2);


insert into address (id, name) values (1, '51346 Lien Parkway');
insert into address (id, name) values (2, '0 Barby Circle');
insert into address (id, name) values (3, '46 Chinook Hill');
insert into address (id, name) values (4, '60668 Mccormick Crossing');
insert into address (id, name) values (5, '4396 Lillian Place');
insert into address (id, name) values (6, '5 Cambridge Point');
insert into address (id, name) values (7, '224 Mariners Cove Alley');
insert into address (id, name) values (8, '11 Erie Court');
insert into address (id, name) values (9, '2544 Montana Place');
insert into address (id, name) values (10, '6 Clyde Gallagher Plaza');

insert into category values (null, 'football');
insert into category values (null, 'basketball');
insert into category values (null, 'volleyball');
insert into category values (null, 'tennis');
insert into category values (null, 'hockey');
insert into category values (null, 'baseball');


insert into competition (id, category_id, address_id, date) values (1, 3, 1, '2019-04-24');
insert into competition (id, category_id, address_id, date) values (2, 1, 9, '2019-09-08');
insert into competition (id, category_id, address_id, date) values (3, 5, 6, '2019-09-16');
insert into competition (id, category_id, address_id, date) values (4, 2, 9, '2019-03-10');
insert into competition (id, category_id, address_id, date) values (5, 6, 7, '2019-03-28');
insert into competition (id, category_id, address_id, date) values (6, 5, 4, '2019-12-18');
insert into competition (id, category_id, address_id, date) values (7, 6, 6, '2019-11-02');
insert into competition (id, category_id, address_id, date) values (8, 3, 1, '2019-07-31');
insert into competition (id, category_id, address_id, date) values (9, 1, 4, '2019-11-22');
insert into competition (id, category_id, address_id, date) values (10, 4, 9, '2019-07-12');
insert into competition (id, category_id, address_id, date) values (11, 5, 8, '2019-05-22');
insert into competition (id, category_id, address_id, date) values (12, 3, 1, '2019-06-05');
insert into competition (id, category_id, address_id, date) values (13, 3, 6, '2019-02-09');
insert into competition (id, category_id, address_id, date) values (14, 1, 7, '2019-11-10');
insert into competition (id, category_id, address_id, date) values (15, 3, 8, '2019-04-03');
insert into competition (id, category_id, address_id, date) values (16, 6, 8, '2019-07-28');
insert into competition (id, category_id, address_id, date) values (17, 2, 1, '2019-02-16');
insert into competition (id, category_id, address_id, date) values (18, 1, 6, '2019-07-18');
insert into competition (id, category_id, address_id, date) values (19, 1, 3, '2019-05-29');
insert into competition (id, category_id, address_id, date) values (20, 6, 4, '2019-08-15');
insert into competition (id, category_id, address_id, date) values (21, 6, 10, '2019-08-26');
insert into competition (id, category_id, address_id, date) values (22, 3, 3, '2019-05-27');
insert into competition (id, category_id, address_id, date) values (23, 4, 10, '2019-03-17');
insert into competition (id, category_id, address_id, date) values (24, 2, 10, '2019-07-24');
insert into competition (id, category_id, address_id, date) values (25, 6, 3, '2019-05-11');

insert into competition_teams (competition_id, team_id, points) values (1, 9, 130);
insert into competition_teams (competition_id, team_id, points) values (1, 8, 94);
insert into competition_teams (competition_id, team_id, points) values (1, 4, 51);
insert into competition_teams (competition_id, team_id, points) values (1, 2, 210);
insert into competition_teams (competition_id, team_id, points) values (1, 6, 158);
insert into competition_teams (competition_id, team_id, points) values (2, 10, 216);
insert into competition_teams (competition_id, team_id, points) values (2, 7, 225);
insert into competition_teams (competition_id, team_id, points) values (2, 3, 120);
insert into competition_teams (competition_id, team_id, points) values (2, 1, 104);
insert into competition_teams (competition_id, team_id, points) values (2, 2, 297);
insert into competition_teams (competition_id, team_id, points) values (3, 6, 89);
insert into competition_teams (competition_id, team_id, points) values (3, 2, 156);
insert into competition_teams (competition_id, team_id, points) values (3, 1, 193);
insert into competition_teams (competition_id, team_id, points) values (3, 10, 265);
insert into competition_teams (competition_id, team_id, points) values (3, 8, 285);
insert into competition_teams (competition_id, team_id, points) values (4, 1, 244);
insert into competition_teams (competition_id, team_id, points) values (4, 4, 176);
insert into competition_teams (competition_id, team_id, points) values (4, 8, 67);
insert into competition_teams (competition_id, team_id, points) values (4, 5, 167);
insert into competition_teams (competition_id, team_id, points) values (4, 6, 189);
insert into competition_teams (competition_id, team_id, points) values (5, 7, 120);
insert into competition_teams (competition_id, team_id, points) values (5, 4, 137);
insert into competition_teams (competition_id, team_id, points) values (5, 8, 221);
insert into competition_teams (competition_id, team_id, points) values (5, 2, 239);
insert into competition_teams (competition_id, team_id, points) values (5, 10, 51);
insert into competition_teams (competition_id, team_id, points) values (6, 3, 120);
insert into competition_teams (competition_id, team_id, points) values (6, 1, 64);
insert into competition_teams (competition_id, team_id, points) values (6, 2, 239);
insert into competition_teams (competition_id, team_id, points) values (6, 9, 178);
insert into competition_teams (competition_id, team_id, points) values (6, 6, 278);








