insert into trainer (id, name, surname, age) values (1, 'Michelle', 'Frizell', 50);
insert into trainer (id, name, surname, age) values (2, 'Tymon', 'Brigginshaw', 35);
insert into trainer (id, name, surname, age) values (3, 'Gail', 'Sandcraft', 32);
insert into trainer (id, name, surname, age) values (4, 'Scarlet', 'Nast', 31);
insert into trainer (id, name, surname, age) values (5, 'Lethia', 'Michiel', 45);
insert into trainer (id, name, surname, age) values (6, 'Louisette', 'Jodlowski', 36);
insert into trainer (id, name, surname, age) values (7, 'Glori', 'Seyler', 38);
insert into trainer (id, name, surname, age) values (8, 'Waite', 'Andreasson', 37);
insert into trainer (id, name, surname, age) values (9, 'Charmion', 'Chadwen', 50);
insert into trainer (id, name, surname, age) values (10, 'Biddy', 'Tale', 44);
insert into trainer (id, name, surname, age) values (11, 'Melany', 'Minshull', 48);
insert into trainer (id, name, surname, age) values (12, 'Alleen', 'Zini', 34);
insert into trainer (id, name, surname, age) values (13, 'Russ', 'Shortan', 35);
insert into trainer (id, name, surname, age) values (14, 'Stephen', 'Walklot', 44);
insert into trainer (id, name, surname, age) values (15, 'Binny', 'Winkless', 41);

insert into player (id, name, surname, pesel, age) values (1, 'Anna-maria', 'Splevins', '10333102085', 29);
insert into player (id, name, surname, pesel, age) values (2, 'Lissa', 'Piperley', '81782932323', 23);
insert into player (id, name, surname, pesel, age) values (3, 'Jeanette', 'Lansdown', '22589126718', 29);
insert into player (id, name, surname, pesel, age) values (4, 'Jacky', 'Ludovico', '68692038719', 38);
insert into player (id, name, surname, pesel, age) values (5, 'Tandy', 'Fery', '93039144675', 31);
insert into player (id, name, surname, pesel, age) values (6, 'Elora', 'Dockwray', '09470185267', 18);
insert into player (id, name, surname, pesel, age) values (7, 'Demetris', 'Hearons', '80525412096', 28);
insert into player (id, name, surname, pesel, age) values (8, 'Nancy', 'Billion', '41627858087', 31);
insert into player (id, name, surname, pesel, age) values (9, 'Eadie', 'Gilbane', '45233555421', 34);
insert into player (id, name, surname, pesel, age) values (10, 'Ardenia', 'Clixby', '30306921631', 46);
insert into player (id, name, surname, pesel, age) values (11, 'Sergio', 'Sandcraft', '59004720278', 46);
insert into player (id, name, surname, pesel, age) values (12, 'Viki', 'Albery', '63460286567', 29);
insert into player (id, name, surname, pesel, age) values (13, 'Henryetta', 'Eliaz', '89710670553', 47);
insert into player (id, name, surname, pesel, age) values (14, 'Lilllie', 'Fresson', '37293517712', 40);
insert into player (id, name, surname, pesel, age) values (15, 'Janina', 'Cadell', '05927439273', 43);
insert into player (id, name, surname, pesel, age) values (16, 'Freemon', 'Tuma', '50501773322', 32);
insert into player (id, name, surname, pesel, age) values (17, 'Tim', 'Jamme', '42423932477', 49);
insert into player (id, name, surname, pesel, age) values (18, 'Sydney', 'Kirvell', '28237679173', 31);
insert into player (id, name, surname, pesel, age) values (19, 'Gaelan', 'Grundy', '54481997158', 39);
insert into player (id, name, surname, pesel, age) values (20, 'Hymie', 'Gisbye', '63690701841', 34);
insert into player (id, name, surname, pesel, age) values (21, 'Simon', 'Arnke', '67472017673', 29);
insert into player (id, name, surname, pesel, age) values (22, 'Wenona', 'Rodgier', '28038641371', 48);
insert into player (id, name, surname, pesel, age) values (23, 'Geno', 'Roswarne', '44348835271', 36);
insert into player (id, name, surname, pesel, age) values (24, 'Zelig', 'Veazey', '46305451753', 19);
insert into player (id, name, surname, pesel, age) values (25, 'Persis', 'Durden', '52813030022', 23);
insert into player (id, name, surname, pesel, age) values (26, 'Luella', 'Memmory', '60747410439', 50);
insert into player (id, name, surname, pesel, age) values (27, 'Trista', 'Doig', '79177389200', 20);
insert into player (id, name, surname, pesel, age) values (28, 'Jaymee', 'Ibbeson', '08132179581', 35);
insert into player (id, name, surname, pesel, age) values (29, 'Adelaida', 'Phizakarley', '15809653473', 50);
insert into player (id, name, surname, pesel, age) values (30, 'Florida', 'Mantione', '84319960422', 30);
insert into player (id, name, surname, pesel, age) values (31, 'Blondelle', 'Perview', '38479724285', 42);
insert into player (id, name, surname, pesel, age) values (32, 'Ignace', 'Seeking', '90379328911', 32);
insert into player (id, name, surname, pesel, age) values (33, 'Gawen', 'Flook', '31234054626', 48);
insert into player (id, name, surname, pesel, age) values (34, 'Dena', 'Marciskewski', '28743900459', 32);
insert into player (id, name, surname, pesel, age) values (35, 'Brien', 'Kuschel', '10478076341', 48);
insert into player (id, name, surname, pesel, age) values (36, 'Baryram', 'Probet', '27870311677', 37);
insert into player (id, name, surname, pesel, age) values (37, 'Xaviera', 'Cashford', '33392387632', 21);
insert into player (id, name, surname, pesel, age) values (38, 'Bern', 'Tuhy', '47052153454', 23);
insert into player (id, name, surname, pesel, age) values (39, 'Armand', 'Comino', '22829607707', 29);
insert into player (id, name, surname, pesel, age) values (40, 'Zachery', 'Slorach', '13156469157', 26);

insert into team (id, name, total_points, id_trainer) values (1, 'Ferry Group', 144, 9);
insert into team (id, name, total_points, id_trainer) values (2, 'Gibson, Wisoky and Kautzer', 134, 4);
insert into team (id, name, total_points, id_trainer) values (3, 'Kiehn, Conn and Langosh', 308, 15);
insert into team (id, name, total_points, id_trainer) values (4, 'Nitzsche, Beier and Koch', 146, 1);
insert into team (id, name, total_points, id_trainer) values (5, 'Schaefer Inc', 184, 5);
insert into team (id, name, total_points, id_trainer) values (6, 'Hand, Nader and Labadie', 334, 2);
insert into team (id, name, total_points, id_trainer) values (7, 'Lesch, Christiansen and Cummerata', 161, 12);
insert into team (id, name, total_points, id_trainer) values (8, 'Schumm-Jacobson', 185, 8);
insert into team (id, name, total_points, id_trainer) values (9, 'Bartell-Jaskolski', 328, 6);
insert into team (id, name, total_points, id_trainer) values (10, 'Abshire, Keebler and Thiel', 113, 10);



