insert into trainer (id, name, surname, age) values (1, 'Michelle', 'Frizell', 50);
insert into trainer (id, name, surname, age) values (2, 'Tymon', 'Brigginshaw', 35);
insert into trainer (id, name, surname, age) values (3, 'Gail', 'Sandcraft', 32);
insert into trainer (id, name, surname, age) values (4, 'Scarlet', 'Nast', 31);
insert into trainer (id, name, surname, age) values (5, 'Lethia', 'Michiel', 45);
insert into trainer (id, name, surname, age) values (6, 'Louisette', 'Jodlowski', 36);
insert into trainer (id, name, surname, age) values (7, 'Glori', 'Seyler', 38);
insert into trainer (id, name, surname, age) values (8, 'Waite', 'Andreasson', 37);
insert into trainer (id, name, surname, age) values (9, 'Charmion', 'Chadwen', 50);
insert into trainer (id, name, surname, age) values (10, 'Biddy', 'Tale', 44);
insert into trainer (id, name, surname, age) values (11, 'Melany', 'Minshull', 48);
insert into trainer (id, name, surname, age) values (12, 'Alleen', 'Zini', 34);
insert into trainer (id, name, surname, age) values (13, 'Russ', 'Shortan', 35);
insert into trainer (id, name, surname, age) values (14, 'Stephen', 'Walklot', 44);
insert into trainer (id, name, surname, age) values (15, 'Binny', 'Winkless', 41);
insert into trainer (id, name, surname, age) values (16, 'Gabbey', 'Langfat', 37);
insert into trainer (id, name, surname, age) values (17, 'Annabelle', 'Pickless', 44);
insert into trainer (id, name, surname, age) values (18, 'Rosaleen', 'Sadgrove', 43);
insert into trainer (id, name, surname, age) values (19, 'Ammamaria', 'Wodeland', 30);
insert into trainer (id, name, surname, age) values (20, 'Marcello', 'Grievson', 33);
insert into trainer (id, name, surname, age) values (21, 'Travis', 'Phlippsen', 49);
insert into trainer (id, name, surname, age) values (22, 'Tamqrah', 'Fareweather', 42);
insert into trainer (id, name, surname, age) values (23, 'Wes', 'Banner', 44);
insert into trainer (id, name, surname, age) values (24, 'Vittorio', 'Mardell', 52);
insert into trainer (id, name, surname, age) values (25, 'Anne-corinne', 'Buggy', 49);
insert into trainer (id, name, surname, age) values (26, 'Fawne', 'Hallstone', 32);
insert into trainer (id, name, surname, age) values (27, 'Austine', 'Hardistry', 54);
insert into trainer (id, name, surname, age) values (28, 'Hester', 'Donativo', 44);
insert into trainer (id, name, surname, age) values (29, 'Ainsley', 'Forker', 50);
insert into trainer (id, name, surname, age) values (30, 'Ginger', 'Mullany', 43);
insert into trainer (id, name, surname, age) values (31, 'Jessika', 'Hollebon', 48);
insert into trainer (id, name, surname, age) values (32, 'Adoree', 'Jermin', 45);
insert into trainer (id, name, surname, age) values (33, 'Ruthi', 'Peter', 40);
insert into trainer (id, name, surname, age) values (34, 'Esther', 'Rowlett', 41);
insert into trainer (id, name, surname, age) values (35, 'Buckie', 'Weighell', 37);
insert into trainer (id, name, surname, age) values (36, 'Austin', 'Evens', 39);
insert into trainer (id, name, surname, age) values (37, 'Meaghan', 'Gissop', 54);
insert into trainer (id, name, surname, age) values (38, 'Yorgos', 'Dronsfield', 33);
insert into trainer (id, name, surname, age) values (39, 'Dan', 'Elsey', 45);
insert into trainer (id, name, surname, age) values (40, 'Emmalynn', 'Boydell', 55);
insert into trainer (id, name, surname, age) values (41, 'Kira', 'McConville', 36);
insert into trainer (id, name, surname, age) values (42, 'Edlin', 'Margerrison', 52);
insert into trainer (id, name, surname, age) values (43, 'Beverley', 'Fruin', 41);
insert into trainer (id, name, surname, age) values (44, 'Chucho', 'Trinkwon', 50);
insert into trainer (id, name, surname, age) values (45, 'Gerty', 'Nason', 50);
insert into trainer (id, name, surname, age) values (46, 'Salomo', 'Southeran', 31);
insert into trainer (id, name, surname, age) values (47, 'Kerstin', 'Koles', 55);
insert into trainer (id, name, surname, age) values (48, 'Abba', 'Ladds', 33);
insert into trainer (id, name, surname, age) values (49, 'Patrizius', 'Grafton', 37);
insert into trainer (id, name, surname, age) values (50, 'Revkah', 'Yegorev', 44);

insert into team (id, name, total_points, trainer_id) values (1, 'Williamson LLC', 74, 1);
insert into team (id, name, total_points, trainer_id) values (2, 'Mayert, Lakin and Walsh', 116, 2);
insert into team (id, name, total_points, trainer_id) values (3, 'Kunze-Okuneva', 354, 3);
insert into team (id, name, total_points, trainer_id) values (4, 'Ondricka-Becker', 210, 4);
insert into team (id, name, total_points, trainer_id) values (5, 'Lang-Grant', 153, 5);
insert into team (id, name, total_points, trainer_id) values (6, 'Predovic-Pfeffer', 81, 6);
insert into team (id, name, total_points, trainer_id) values (7, 'Rosenbaum-Waters', 492, 7);
insert into team (id, name, total_points, trainer_id) values (8, 'Hettinger and Sons', 68, 8);
insert into team (id, name, total_points, trainer_id) values (9, 'Denesik, Becker and Ledner', 209, 9);
insert into team (id, name, total_points, trainer_id) values (10, 'Jenkins-Sauer', 191, 10);
insert into team (id, name, total_points, trainer_id) values (11, 'Gusikowski Inc', 132, 11);
insert into team (id, name, total_points, trainer_id) values (12, 'Kemmer and Sons', 63, 12);
insert into team (id, name, total_points, trainer_id) values (13, 'Wiegand-Strosin', 103, 13);
insert into team (id, name, total_points, trainer_id) values (14, 'Wiegand, Wisoky and Ryan', 328, 14);
insert into team (id, name, total_points, trainer_id) values (15, 'Krajcik, Wunsch and Stroman', 207, 15);
insert into team (id, name, total_points, trainer_id) values (16, 'Crona, Bruen and Dibbert', 360, 16);
insert into team (id, name, total_points, trainer_id) values (17, 'Doyle LLC', 249, 17);
insert into team (id, name, total_points, trainer_id) values (18, 'Heaney, Streich and Gottlieb', 184, 18);
insert into team (id, name, total_points, trainer_id) values (19, 'Nicolas, Renner and Casper', 491, 19);
insert into team (id, name, total_points, trainer_id) values (20, 'Abshire and Sons', 313, 20);
insert into team (id, name, total_points, trainer_id) values (21, 'Strosin LLC', 420, 21);
insert into team (id, name, total_points, trainer_id) values (22, 'Schuppe, Ortiz and Raynor', 363, 22);
insert into team (id, name, total_points, trainer_id) values (23, 'Lowe Group', 459, 23);
insert into team (id, name, total_points, trainer_id) values (24, 'Mayer and Sons', 294, 24);
insert into team (id, name, total_points, trainer_id) values (25, 'Hegmann Inc', 178, 25);
insert into team (id, name, total_points, trainer_id) values (26, 'Beatty-Aufderhar', 162, 26);
insert into team (id, name, total_points, trainer_id) values (27, 'West and Sons', 194, 27);
insert into team (id, name, total_points, trainer_id) values (28, 'Stanton-Emmerich', 196, 28);
insert into team (id, name, total_points, trainer_id) values (29, 'Muller, Waelchi and Greenholt', 155, 29);
insert into team (id, name, total_points, trainer_id) values (30, 'Nolan Group', 246, 30);
insert into team (id, name, total_points, trainer_id) values (31, 'Schmeler-Prosacco', 463, 31);
insert into team (id, name, total_points, trainer_id) values (32, 'Maggio, Feest and Orn', 119, 32);
insert into team (id, name, total_points, trainer_id) values (33, 'Pouros, Little and Moen', 368, 33);
insert into team (id, name, total_points, trainer_id) values (34, 'Price Group', 180, 34);
insert into team (id, name, total_points, trainer_id) values (35, 'Yundt, Zemlak and Steuber', 143, 35);
insert into team (id, name, total_points, trainer_id) values (36, 'Bartell-Terry', 101, 36);
insert into team (id, name, total_points, trainer_id) values (37, 'Wolff-Hyatt', 177, 37);
insert into team (id, name, total_points, trainer_id) values (38, 'Predovic Group', 379, 38);
insert into team (id, name, total_points, trainer_id) values (39, 'Reilly Inc', 76, 39);
insert into team (id, name, total_points, trainer_id) values (40, 'Schiller, O''Hara and Will', 375, 40);
insert into team (id, name, total_points, trainer_id) values (41, 'Zulauf-Swift', 125, 41);
insert into team (id, name, total_points, trainer_id) values (42, 'Wilderman, Rogahn and Schuppe', 118, 42);
insert into team (id, name, total_points, trainer_id) values (43, 'O''Reilly-Nader', 70, 43);
insert into team (id, name, total_points, trainer_id) values (44, 'Tremblay, Kuhic and Hamill', 349, 44);
insert into team (id, name, total_points, trainer_id) values (45, 'Gusikowski-O''Kon', 376, 45);
insert into team (id, name, total_points, trainer_id) values (46, 'Howe and Sons', 219, 46);
insert into team (id, name, total_points, trainer_id) values (47, 'Ortiz, Becker and Abshire', 65, 47);
insert into team (id, name, total_points, trainer_id) values (48, 'Raynor, Quigley and Ankunding', 462, 48);
insert into team (id, name, total_points, trainer_id) values (49, 'Sipes, Rice and Ledner', 229, 49);
insert into team (id, name, total_points, trainer_id) values (50, 'Dickens-Hane', 377, 50);

insert into player (id, name, surname, pesel, age, team_id) values (1, 'Erwéi', 'Salack', '00327026273', 50, 17);
insert into player (id, name, surname, pesel, age, team_id) values (2, 'Björn', 'Dmitrievski', '45462619365', 38, 32);
insert into player (id, name, surname, pesel, age, team_id) values (3, 'Anaël', 'Fetherstan', '91420327581', 43, 7);
insert into player (id, name, surname, pesel, age, team_id) values (4, 'Mélia', 'Ambrodi', '61492828184', 28, 24);
insert into player (id, name, surname, pesel, age, team_id) values (5, 'Noëlla', 'Deeble', '28842315058', 41, 13);
insert into player (id, name, surname, pesel, age, team_id) values (6, 'Tú', 'Bolus', '12005051176', 36, 33);
insert into player (id, name, surname, pesel, age, team_id) values (7, 'Marie-ève', 'Pixton', '99465999283', 29, 17);
insert into player (id, name, surname, pesel, age, team_id) values (8, 'Bérengère', 'Crose', '26271415252', 45, 2);
insert into player (id, name, surname, pesel, age, team_id) values (9, 'Fèi', 'Ranvoise', '30119731344', 26, 38);
insert into player (id, name, surname, pesel, age, team_id) values (10, 'Séverine', 'Kestian', '59468406988', 31, 37);
insert into player (id, name, surname, pesel, age, team_id) values (11, 'Lauréna', 'Arnefield', '49793840778', 32, 24);
insert into player (id, name, surname, pesel, age, team_id) values (12, 'Camélia', 'Lambertazzi', '50295660291', 25, 26);
insert into player (id, name, surname, pesel, age, team_id) values (13, 'Léandre', 'Echalie', '78673051139', 38, 21);
insert into player (id, name, surname, pesel, age, team_id) values (14, 'Anaïs', 'Pendle', '28177502651', 21, 25);
insert into player (id, name, surname, pesel, age, team_id) values (15, 'Adélaïde', 'Ivashnikov', '40376414842', 19, 34);
insert into player (id, name, surname, pesel, age, team_id) values (16, 'Magdalène', 'Danilenko', '11819975279', 30, 26);
insert into player (id, name, surname, pesel, age, team_id) values (17, 'Rachèle', 'Fyndon', '96657707348', 32, 16);
insert into player (id, name, surname, pesel, age, team_id) values (18, 'Zhì', 'Belmont', '22712167768', 28, 44);
insert into player (id, name, surname, pesel, age, team_id) values (19, 'Clémentine', 'Bratcher', '65959462084', 27, 26);
insert into player (id, name, surname, pesel, age, team_id) values (20, 'Lén', 'Handyside', '87386139649', 37, 12);
insert into player (id, name, surname, pesel, age, team_id) values (21, 'Tú', 'Callery', '90283351696', 48, 25);
insert into player (id, name, surname, pesel, age, team_id) values (22, 'Naëlle', 'Blyth', '63675141559', 32, 34);
insert into player (id, name, surname, pesel, age, team_id) values (23, 'Andréanne', 'Brookesbie', '59317240511', 27, 22);
insert into player (id, name, surname, pesel, age, team_id) values (24, 'Edmée', 'Pretty', '03913698158', 40, 33);
insert into player (id, name, surname, pesel, age, team_id) values (25, 'Néhémie', 'Calltone', '20625174401', 29, 26);
insert into player (id, name, surname, pesel, age, team_id) values (26, 'Eloïse', 'Maysor', '76893297893', 42, 23);
insert into player (id, name, surname, pesel, age, team_id) values (27, 'Annotés', 'Antognozzii', '34870523421', 19, 45);
insert into player (id, name, surname, pesel, age, team_id) values (28, 'Cunégonde', 'Yerby', '55938364727', 23, 26);
insert into player (id, name, surname, pesel, age, team_id) values (29, 'Léane', 'Kubicki', '23355667531', 22, 44);
insert into player (id, name, surname, pesel, age, team_id) values (30, 'Eléa', 'Extall', '61354629922', 35, 28);
insert into player (id, name, surname, pesel, age, team_id) values (31, 'Zhì', 'Brimman', '41129109959', 19, 35);
insert into player (id, name, surname, pesel, age, team_id) values (32, 'Mélanie', 'Craske', '39178021299', 26, 6);
insert into player (id, name, surname, pesel, age, team_id) values (33, 'Géraldine', 'Tomasi', '69821294082', 36, 16);
insert into player (id, name, surname, pesel, age, team_id) values (34, 'Irène', 'Wreath', '66038418174', 40, 40);
insert into player (id, name, surname, pesel, age, team_id) values (35, 'Gaïa', 'Burnip', '20992362229', 38, 33);
insert into player (id, name, surname, pesel, age, team_id) values (36, 'Méghane', 'Wilstead', '05826271703', 28, 33);
insert into player (id, name, surname, pesel, age, team_id) values (37, 'Loïs', 'Rowcastle', '94797050944', 29, 46);
insert into player (id, name, surname, pesel, age, team_id) values (38, 'Séverine', 'Sandcroft', '09583199158', 45, 13);
insert into player (id, name, surname, pesel, age, team_id) values (39, 'Crééz', 'Dimmack', '28509487564', 33, 7);
insert into player (id, name, surname, pesel, age, team_id) values (40, 'Eléa', 'Bullcock', '03018568264', 21, 22);
insert into player (id, name, surname, pesel, age, team_id) values (41, 'Lorène', 'Arnaudin', '24021825992', 45, 8);
insert into player (id, name, surname, pesel, age, team_id) values (42, 'Yè', 'Hallbord', '05136544940', 22, 16);
insert into player (id, name, surname, pesel, age, team_id) values (43, 'Mén', 'Tarquini', '90452371084', 35, 28);
insert into player (id, name, surname, pesel, age, team_id) values (44, 'Maëlys', 'Boick', '08123533200', 28, 6);
insert into player (id, name, surname, pesel, age, team_id) values (45, 'Zoé', 'Strelitz', '56124460986', 32, 3);
insert into player (id, name, surname, pesel, age, team_id) values (46, 'Liè', 'Morphey', '25950161706', 28, 5);
insert into player (id, name, surname, pesel, age, team_id) values (47, 'Estève', 'Eudall', '72705127230', 33, 11);
insert into player (id, name, surname, pesel, age, team_id) values (48, 'Anaël', 'Eustis', '76716431160', 48, 45);
insert into player (id, name, surname, pesel, age, team_id) values (49, 'Léone', 'Rubanenko', '99040121491', 43, 15);
insert into player (id, name, surname, pesel, age, team_id) values (50, 'Gwenaëlle', 'Scurrey', '49693216910', 27, 4);
insert into player (id, name, surname, pesel, age, team_id) values (51, 'Rachèle', 'Stirton', '35954827261', 27, 46);
insert into player (id, name, surname, pesel, age, team_id) values (52, 'Dà', 'Watling', '76642664503', 43, 18);
insert into player (id, name, surname, pesel, age, team_id) values (53, 'Léana', 'Bilby', '44989477350', 46, 37);
insert into player (id, name, surname, pesel, age, team_id) values (54, 'Marie-hélène', 'Kondratyuk', '76984704468', 28, 47);
insert into player (id, name, surname, pesel, age, team_id) values (55, 'Mélinda', 'Kerry', '97471767656', 41, 6);
insert into player (id, name, surname, pesel, age, team_id) values (56, 'Yè', 'Gierardi', '17184883155', 44, 4);
insert into player (id, name, surname, pesel, age, team_id) values (57, 'Magdalène', 'Kubin', '07830864964', 33, 26);
insert into player (id, name, surname, pesel, age, team_id) values (58, 'Maïly', 'Gofford', '79133484756', 27, 26);
insert into player (id, name, surname, pesel, age, team_id) values (59, 'Bérénice', 'Devonish', '65812644198', 49, 5);
insert into player (id, name, surname, pesel, age, team_id) values (60, 'Lucrèce', 'Good', '35274525449', 19, 50);
insert into player (id, name, surname, pesel, age, team_id) values (61, 'Marylène', 'Kliesl', '29547645448', 20, 43);
insert into player (id, name, surname, pesel, age, team_id) values (62, 'Garçon', 'Humpatch', '85793247172', 24, 5);
insert into player (id, name, surname, pesel, age, team_id) values (63, 'Gaëlle', 'Rennox', '89621864110', 36, 14);
insert into player (id, name, surname, pesel, age, team_id) values (64, 'Pò', 'Golton', '33264112586', 25, 8);
insert into player (id, name, surname, pesel, age, team_id) values (65, 'Adélaïde', 'Illiston', '15848411913', 48, 15);
insert into player (id, name, surname, pesel, age, team_id) values (66, 'Loïca', 'Randle', '94763389675', 49, 42);
insert into player (id, name, surname, pesel, age, team_id) values (67, 'Mà', 'Eales', '07907710366', 22, 45);
insert into player (id, name, surname, pesel, age, team_id) values (68, 'Táng', 'Newarte', '28506898467', 20, 43);
insert into player (id, name, surname, pesel, age, team_id) values (69, 'Angélique', 'Kordovani', '33445029766', 37, 26);
insert into player (id, name, surname, pesel, age, team_id) values (70, 'Marylène', 'Kingsley', '82309036769', 42, 19);
insert into player (id, name, surname, pesel, age, team_id) values (71, 'Bénédicte', 'Franzoli', '56347154587', 32, 23);
insert into player (id, name, surname, pesel, age, team_id) values (72, 'Marie-josée', 'Trouncer', '86421733768', 48, 43);
insert into player (id, name, surname, pesel, age, team_id) values (73, 'Athéna', 'Bagnold', '63340100991', 18, 19);
insert into player (id, name, surname, pesel, age, team_id) values (74, 'Håkan', 'Aspling', '43598909591', 26, 27);
insert into player (id, name, surname, pesel, age, team_id) values (75, 'Lén', 'Woolfall', '38311988915', 18, 23);
insert into player (id, name, surname, pesel, age, team_id) values (76, 'Bérénice', 'Brazer', '14779902569', 21, 22);
insert into player (id, name, surname, pesel, age, team_id) values (77, 'Alizée', 'Charlo', '56990465374', 43, 16);
insert into player (id, name, surname, pesel, age, team_id) values (78, 'Clémentine', 'Layburn', '65621717555', 22, 31);
insert into player (id, name, surname, pesel, age, team_id) values (79, 'Nadège', 'Potteridge', '02379085260', 50, 14);
insert into player (id, name, surname, pesel, age, team_id) values (80, 'Magdalène', 'O''Brogane', '15006805695', 29, 1);
insert into player (id, name, surname, pesel, age, team_id) values (81, 'Pélagie', 'Ferreres', '32778735306', 23, 38);
insert into player (id, name, surname, pesel, age, team_id) values (82, 'Erwéi', 'Dupree', '40281452184', 24, 7);
insert into player (id, name, surname, pesel, age, team_id) values (83, 'Angèle', 'Buzzing', '27569567044', 48, 6);
insert into player (id, name, surname, pesel, age, team_id) values (84, 'Noémie', 'Gustus', '07689712001', 47, 14);
insert into player (id, name, surname, pesel, age, team_id) values (85, 'Mahélie', 'Ayerst', '11917608727', 32, 43);
insert into player (id, name, surname, pesel, age, team_id) values (86, 'Mélys', 'Dicks', '65818155515', 48, 50);
insert into player (id, name, surname, pesel, age, team_id) values (87, 'Dà', 'Meese', '19603697163', 31, 49);
insert into player (id, name, surname, pesel, age, team_id) values (88, 'Andréa', 'Ebenezer', '10970671204', 39, 32);
insert into player (id, name, surname, pesel, age, team_id) values (89, 'Ruì', 'Pound', '35199152561', 24, 14);
insert into player (id, name, surname, pesel, age, team_id) values (90, 'Mylène', 'Quinnelly', '62784187672', 34, 28);
insert into player (id, name, surname, pesel, age, team_id) values (91, 'Valérie', 'Koenraad', '67013432559', 27, 11);
insert into player (id, name, surname, pesel, age, team_id) values (92, 'Mélodie', 'Dilon', '94776311858', 36, 44);
insert into player (id, name, surname, pesel, age, team_id) values (93, 'Joséphine', 'Mainwaring', '89551999800', 31, 5);
insert into player (id, name, surname, pesel, age, team_id) values (94, 'Mélia', 'Cordova', '94545052346', 50, 30);
insert into player (id, name, surname, pesel, age, team_id) values (95, 'Torbjörn', 'Standon', '87961107802', 30, 17);
insert into player (id, name, surname, pesel, age, team_id) values (96, 'Mélina', 'Mulcahy', '82023830771', 33, 11);
insert into player (id, name, surname, pesel, age, team_id) values (97, 'Yú', 'Marval', '04972521360', 37, 3);
insert into player (id, name, surname, pesel, age, team_id) values (98, 'Thérèse', 'Klainer', '45957999731', 25, 16);
insert into player (id, name, surname, pesel, age, team_id) values (99, 'Åslög', 'Armatys', '20402301755', 45, 41);
insert into player (id, name, surname, pesel, age, team_id) values (100, 'Cécile', 'Fagge', '82458035637', 46, 32);

insert into address (id, name) values (1, '51346 Lien Parkway');
insert into address (id, name) values (2, '0 Barby Circle');
insert into address (id, name) values (3, '46 Chinook Hill');
insert into address (id, name) values (4, '60668 Mccormick Crossing');
insert into address (id, name) values (5, '4396 Lillian Place');
insert into address (id, name) values (6, '5 Cambridge Point');
insert into address (id, name) values (7, '224 Mariners Cove Alley');
insert into address (id, name) values (8, '11 Erie Court');
insert into address (id, name) values (9, '2544 Montana Place');
insert into address (id, name) values (10, '6 Clyde Gallagher Plaza');

insert into category values (null, 'football');
insert into category values (null, 'basketball');
insert into category values (null, 'volleyball');
insert into category values (null, 'tennis');
insert into category values (null, 'hockey');
insert into category values (null, 'baseball');


insert into competition (id, category_id, address_id, date) values (1, 3, 1, '2019-04-24');
insert into competition (id, category_id, address_id, date) values (2, 1, 9, '2019-09-08');
insert into competition (id, category_id, address_id, date) values (3, 5, 6, '2019-09-16');
insert into competition (id, category_id, address_id, date) values (4, 2, 9, '2019-03-10');
insert into competition (id, category_id, address_id, date) values (5, 6, 7, '2019-03-28');
insert into competition (id, category_id, address_id, date) values (6, 5, 4, '2019-12-18');
insert into competition (id, category_id, address_id, date) values (7, 6, 6, '2019-11-02');
insert into competition (id, category_id, address_id, date) values (8, 3, 1, '2019-07-31');
insert into competition (id, category_id, address_id, date) values (9, 1, 4, '2019-11-22');
insert into competition (id, category_id, address_id, date) values (10, 4, 9, '2019-07-12');
insert into competition (id, category_id, address_id, date) values (11, 5, 8, '2019-05-22');
insert into competition (id, category_id, address_id, date) values (12, 3, 1, '2019-06-05');
insert into competition (id, category_id, address_id, date) values (13, 3, 6, '2019-02-09');
insert into competition (id, category_id, address_id, date) values (14, 1, 7, '2019-11-10');
insert into competition (id, category_id, address_id, date) values (15, 3, 8, '2019-04-03');
insert into competition (id, category_id, address_id, date) values (16, 6, 8, '2019-07-28');
insert into competition (id, category_id, address_id, date) values (17, 2, 1, '2019-02-16');
insert into competition (id, category_id, address_id, date) values (18, 1, 6, '2019-07-18');
insert into competition (id, category_id, address_id, date) values (19, 1, 3, '2019-05-29');
insert into competition (id, category_id, address_id, date) values (20, 6, 4, '2019-08-15');
insert into competition (id, category_id, address_id, date) values (21, 6, 10, '2019-08-26');
insert into competition (id, category_id, address_id, date) values (22, 3, 3, '2019-05-27');
insert into competition (id, category_id, address_id, date) values (23, 4, 10, '2019-03-17');
insert into competition (id, category_id, address_id, date) values (24, 2, 10, '2019-07-24');
insert into competition (id, category_id, address_id, date) values (25, 6, 3, '2019-05-11');

insert into competition_teams (competition_id, team_id, points) values (1, 9, 130);
insert into competition_teams (competition_id, team_id, points) values (1, 8, 94);
insert into competition_teams (competition_id, team_id, points) values (1, 4, 51);
insert into competition_teams (competition_id, team_id, points) values (1, 2, 210);
insert into competition_teams (competition_id, team_id, points) values (1, 6, 158);
insert into competition_teams (competition_id, team_id, points) values (2, 10, 216);
insert into competition_teams (competition_id, team_id, points) values (2, 7, 225);
insert into competition_teams (competition_id, team_id, points) values (2, 3, 120);
insert into competition_teams (competition_id, team_id, points) values (2, 1, 104);
insert into competition_teams (competition_id, team_id, points) values (2, 2, 297);
insert into competition_teams (competition_id, team_id, points) values (3, 6, 89);
insert into competition_teams (competition_id, team_id, points) values (3, 2, 156);
insert into competition_teams (competition_id, team_id, points) values (3, 1, 193);
insert into competition_teams (competition_id, team_id, points) values (3, 10, 265);
insert into competition_teams (competition_id, team_id, points) values (3, 8, 285);
insert into competition_teams (competition_id, team_id, points) values (4, 1, 244);
insert into competition_teams (competition_id, team_id, points) values (4, 4, 176);
insert into competition_teams (competition_id, team_id, points) values (4, 8, 67);
insert into competition_teams (competition_id, team_id, points) values (4, 5, 167);
insert into competition_teams (competition_id, team_id, points) values (4, 6, 189);
insert into competition_teams (competition_id, team_id, points) values (5, 7, 120);
insert into competition_teams (competition_id, team_id, points) values (5, 4, 137);
insert into competition_teams (competition_id, team_id, points) values (5, 8, 221);
insert into competition_teams (competition_id, team_id, points) values (5, 2, 239);
insert into competition_teams (competition_id, team_id, points) values (5, 10, 51);
insert into competition_teams (competition_id, team_id, points) values (6, 3, 120);
insert into competition_teams (competition_id, team_id, points) values (6, 1, 64);
insert into competition_teams (competition_id, team_id, points) values (6, 2, 239);
insert into competition_teams (competition_id, team_id, points) values (6, 9, 178);
insert into competition_teams (competition_id, team_id, points) values (6, 6, 278);
